Title,Author,Category
What work moment.,Steve Macias,Art
Beat.,Meghan Rodriguez,Science
Network education defense.,Jim George,History
Thank reduce hundred.,Sarah Watson,Comics
Our purpose city.,Derek Washington,Comics
Boy piece.,Daniel Weaver,Mystery
News night late.,Kaitlyn Phillips,Thriller
Truth laugh discussion.,Ricardo Cantu,Poetry
Compare it.,Melissa White,Science
Military deep.,William Hurst,Mystery
He dream.,Vanessa Nelson,Comics
Foreign expect mother pay.,Bobby Morgan,Nonfiction
Court throw.,Justin Andrade,Comics
Option boy today.,John Mason,Science
Power.,Diane Young,Mystery
Star seat.,Jay Reyes,Comics
According religious.,Jacqueline Romero,Fantasy
Huge important.,Lance Montgomery,Nonfiction
Of officer care.,Michael Adams,Fantasy
Everything could.,Marissa Sims MD,Poetry
Than.,Angela Atkinson,Science
Six positive.,Samantha Mitchell,Nonfiction
Should out including.,Brandon Contreras,Nonfiction
However involve shoulder.,Aaron Cardenas,Thriller
Hospital space.,Robert Meyer,Art
Simply guy interest trade.,Rebecca Morgan,Adventure
Customer help shake.,Brett Martin,Comics
Style general second.,Cassandra Vaughan,Comics
Weight reality may.,Andrew Rivera,Art
Sea it citizen.,Rodney Johnson,Nonfiction
Range walk.,Brian Lawrence,Mystery
Officer exist guy.,Patrick Wilson,Comics
Her attention.,Carl Mitchell,History
Nice away.,Kimberly Harrington,Thriller
Big necessary.,Lindsey James,Science
Chance movie.,Tracy Giles,Nonfiction
Out role.,Hannah Jacobs,Mystery
Would despite.,Julian Jackson,Comics
Family white but statement.,Kimberly Lane,Nonfiction
Dog remember state.,Edwin Orr,Science
Beat letter.,Sarah Long,Science
Decade determine special fear.,Troy Parks,Art
Firm brother carry future.,David Ware MD,Poetry
Maintain blue.,Amber Taylor,Art
Least plant that.,Billy Norman,Mystery
Action computer.,Dr. Teresa Ryan,Nonfiction
They.,Natasha Howell,Fantasy
Where everything.,Wendy Rose,Adventure
Be animal.,Brian Jacobs,Fantasy
Modern lot.,Sarah Shelton,Mystery
Democrat present when.,Allison Rogers,Fantasy
Themselves view politics.,Craig Deleon,Science
Worry recent foreign.,Alan Mccall,Thriller
Fly look tax between.,Ashley Patel,Adventure
But position.,Sherry Harmon,Art
General need hundred.,Cheyenne Williams,Nonfiction
Future begin test.,Charles Gray,Fantasy
Person make.,Amber Gonzalez,Art
Shoulder successful.,Susan Wright,Thriller
Forget drive state.,Connie Brown,Mystery
Almost perform.,Caroline Beck,Thriller
Across voice senior.,Andrew Lam,Mystery
Until history list.,Mark Miller,Art
Crime respond foot measure.,David Mcpherson,Art
Smile job cover.,Maria Mitchell,Art
Key daughter ten.,Debra Cabrera,Mystery
Fund note.,Sarah Flores,Science
Nothing according around.,Faith Miles,Thriller
Protect guy their.,Erin Collins,Adventure
Look instead.,Lisa Adams,Science
Either administration.,Victoria Brown,Fantasy
Task speech.,James Roberts,Comics
Century green.,Julian Simmons,Mystery
About high nearly.,James Stewart,Art
Campaign.,Mark Baker,Science
Cold have they.,Charles Hardy,Thriller
Say our.,Victoria Pennington,Nonfiction
Mission present.,Corey Wells,Science
Official start defense.,Carla Clark,Comics
Concern send environmental.,Jared Garrison,Art
Life name mission.,Michele Hayes,Mystery
Choice.,Kenneth Davis,Thriller
Common follow.,Marisa Romero,Mystery
Woman later behind.,Heather Spencer,Thriller
Fight throw send.,Alicia Gonzalez,Nonfiction
Opportunity young.,Allen Blackburn,Art
Again pass hot.,Hannah Acosta,Mystery
Pick turn.,Angela Ramos DVM,Thriller
Situation without.,Andrew Taylor,Nonfiction
Difficult also.,Mary Morris,Nonfiction
Partner whether establish.,Victor Frazier,Adventure
Turn visit action.,Michelle Allen,Mystery
Present including themselves.,Emily Waller,Science
Specific threat.,Emily Sullivan,Adventure
Follow foot.,Travis Holt,Thriller
Reduce teach run.,Kimberly Archer,Thriller
Be.,Brooke Brooks,Art
Certain letter wear.,Amber Horton,Thriller
Though.,James Hudson,Adventure
Painting important spring.,Theresa Todd,Art
